uuid,category_id
EA5583CD-A667-48BC-B806-42ECB2B48618,cat_1231
EA5583CD-A667-48BC-B806-42ECB2B48619,cat_1232
EA5583CD-A667-48BC-B806-42ECB2B48620,cat_1233
EA5583CD-A667-48BC-B806-42ECB2B48621,cat_1234
EA5583CD-A667-48BC-B806-42ECB2B48622,cat_1235
EA5583CD-A667-48BC-B806-42ECB2B48623,cat_1234
EA5583CD-A667-48BC-B806-42ECB2B48624,cat_1235
EA5583CD-A667-48BC-B806-42ECB2B48625,cat_1231
EA5583CD-A667-48BC-B806-42ECB2B48626,cat_1232
EA5583CD-A667-48BC-B806-42ECB2B48627,cat_1233
EA5583CD-A667-48BC-B806-42ECB2B48628,cat_1234
EA5583CD-A667-48BC-B806-42ECB2B48629,cat_1235
EA5583CD-A667-48BC-B806-42ECB2B48630,cat_1231
EA5583CD-A667-48BC-B806-42ECB2B48631,cat_1232
EA5583CD-A667-48BC-B806-42ECB2B48632,cat_1233
EA5583CD-A667-48BC-B806-42ECB2B48633,cat_1234
EA5583CD-A667-48BC-B806-42ECB2B48634,cat_1235
EA5583CD-A667-48BC-B806-42ECB2B48635,cat_1231
EA5583CD-A667-48BC-B806-42ECB2B48636,cat_1232
EA5583CD-A667-48BC-B806-42ECB2B48637,cat_1233
EA5583CD-A667-48BC-B806-42ECB2B48638,cat_1234
EA5583CD-A667-48BC-B806-42ECB2B48639,cat_1235
EA5583CD-A667-48BC-B806-42ECB2B48640,cat_1231
EA5583CD-A667-48BC-B806-42ECB2B48641,cat_1232
EA5583CD-A667-48BC-B806-42ECB2B48642,cat_1233
EA5583CD-A667-48BC-B806-42ECB2B48643,cat_1234
EA5583CD-A667-48BC-B806-42ECB2B48644,cat_1235
EA5583CD-A667-48BC-B806-42ECB2B48645,cat_1231
EA5583CD-A667-48BC-B806-42ECB2B48646,cat_1232
EA5583CD-A667-48BC-B806-42ECB2B48647,cat_1233
EA5583CD-A667-48BC-B806-42ECB2B48648,cat_1234
EA5583CD-A667-48BC-B806-42ECB2B48649,cat_1235
EA5583CD-A667-48BC-B806-42ECB2B48650,cat_1234
EA5583CD-A667-48BC-B806-42ECB2B48651,cat_1235
EA5583CD-A667-48BC-B806-42ECB2B48652,cat_1231
EA5583CD-A667-48BC-B806-42ECB2B48653,cat_1232
EA5583CD-A667-48BC-B806-42ECB2B48654,cat_1233
EA5583CD-A667-48BC-B806-42ECB2B48655,cat_1234
EA5583CD-A667-48BC-B806-42ECB2B48656,cat_1235
EA5583CD-A667-48BC-B806-42ECB2B48657,cat_1231
EA5583CD-A667-48BC-B806-42ECB2B48658,cat_1232
EA5583CD-A667-48BC-B806-42ECB2B48659,cat_1233
EA5583CD-A667-48BC-B806-42ECB2B48660,cat_1234
EA5583CD-A667-48BC-B806-42ECB2B48661,cat_1235
EA5583CD-A667-48BC-B806-42ECB2B48662,cat_1231
EA5583CD-A667-48BC-B806-42ECB2B48663,cat_1232
EA5583CD-A667-48BC-B806-42ECB2B48664,cat_1233
EA5583CD-A667-48BC-B806-42ECB2B48665,cat_1234
EA5583CD-A667-48BC-B806-42ECB2B48666,cat_1235
EA5583CD-A667-48BC-B806-42ECB2B48667,cat_1231
EA5583CD-A667-48BC-B806-42ECB2B48668,cat_1232
EA5583CD-A667-48BC-B806-42ECB2B48669,cat_1233
EA5583CD-A667-48BC-B806-42ECB2B48670,cat_1234
EA5583CD-A667-48BC-B806-42ECB2B48671,cat_1235
EA5583CD-A667-48BC-B806-42ECB2B48672,cat_1231
EA5583CD-A667-48BC-B806-42ECB2B48673,cat_1232
EA5583CD-A667-48BC-B806-42ECB2B48674,cat_1233
EA5583CD-A667-48BC-B806-42ECB2B48675,cat_1234
EA5583CD-A667-48BC-B806-42ECB2B48676,cat_1235
EA5583CD-A667-48BC-B806-42ECB2B48677,cat_1234
EA5583CD-A667-48BC-B806-42ECB2B48678,cat_1235
EA5583CD-A667-48BC-B806-42ECB2B48679,cat_1231
EA5583CD-A667-48BC-B806-42ECB2B48680,cat_1232
EA5583CD-A667-48BC-B806-42ECB2B48681,cat_1233
EA5583CD-A667-48BC-B806-42ECB2B48682,cat_1234
EA5583CD-A667-48BC-B806-42ECB2B48683,cat_1235
EA5583CD-A667-48BC-B806-42ECB2B48684,cat_1231
EA5583CD-A667-48BC-B806-42ECB2B48685,cat_1232
EA5583CD-A667-48BC-B806-42ECB2B48686,cat_1233
EA5583CD-A667-48BC-B806-42ECB2B48687,cat_1234
EA5583CD-A667-48BC-B806-42ECB2B48688,cat_1235
EA5583CD-A667-48BC-B806-42ECB2B48689,cat_1231
EA5583CD-A667-48BC-B806-42ECB2B48690,cat_1232
EA5583CD-A667-48BC-B806-42ECB2B48691,cat_1233
EA5583CD-A667-48BC-B806-42ECB2B48692,cat_1234
EA5583CD-A667-48BC-B806-42ECB2B48693,cat_1235
EA5583CD-A667-48BC-B806-42ECB2B48694,cat_1231
EA5583CD-A667-48BC-B806-42ECB2B48695,cat_1232
EA5583CD-A667-48BC-B806-42ECB2B48696,cat_1233
EA5583CD-A667-48BC-B806-42ECB2B48697,cat_1234
EA5583CD-A667-48BC-B806-42ECB2B48698,cat_1235
EA5583CD-A667-48BC-B806-42ECB2B48699,cat_1231
EA5583CD-A667-48BC-B806-42ECB2B48700,cat_1232
EA5583CD-A667-48BC-B806-42ECB2B48701,cat_1233
EA5583CD-A667-48BC-B806-42ECB2B48702,cat_1234
EA5583CD-A667-48BC-B806-42ECB2B48703,cat_1235
EA5583CD-A667-48BC-B806-42ECB2B48704,cat_1234
EA5583CD-A667-48BC-B806-42ECB2B48705,cat_1235
EA5583CD-A667-48BC-B806-42ECB2B48706,cat_1231
EA5583CD-A667-48BC-B806-42ECB2B48707,cat_1232
EA5583CD-A667-48BC-B806-42ECB2B48708,cat_1233
EA5583CD-A667-48BC-B806-42ECB2B48709,cat_1234
EA5583CD-A667-48BC-B806-42ECB2B48710,cat_1235
EA5583CD-A667-48BC-B806-42ECB2B48711,cat_1231
EA5583CD-A667-48BC-B806-42ECB2B48712,cat_1232
EA5583CD-A667-48BC-B806-42ECB2B48713,cat_1233
EA5583CD-A667-48BC-B806-42ECB2B48714,cat_1234
EA5583CD-A667-48BC-B806-42ECB2B48715,cat_1235
EA5583CD-A667-48BC-B806-42ECB2B48716,cat_1231
EA5583CD-A667-48BC-B806-42ECB2B48717,cat_1232
EA5583CD-A667-48BC-B806-42ECB2B48718,cat_1233
EA5583CD-A667-48BC-B806-42ECB2B48719,cat_1234
EA5583CD-A667-48BC-B806-42ECB2B48720,cat_1235
EA5583CD-A667-48BC-B806-42ECB2B48721,cat_1231
EA5583CD-A667-48BC-B806-42ECB2B48722,cat_1232
EA5583CD-A667-48BC-B806-42ECB2B48723,cat_1233
EA5583CD-A667-48BC-B806-42ECB2B48724,cat_1234
EA5583CD-A667-48BC-B806-42ECB2B48725,cat_1235
EA5583CD-A667-48BC-B806-42ECB2B48726,cat_1231
EA5583CD-A667-48BC-B806-42ECB2B48727,cat_1232
EA5583CD-A667-48BC-B806-42ECB2B48728,cat_1233
EA5583CD-A667-48BC-B806-42ECB2B48729,cat_1234
EA5583CD-A667-48BC-B806-42ECB2B48730,cat_1235
EA5583CD-A667-48BC-B806-42ECB2B48731,cat_1234
EA5583CD-A667-48BC-B806-42ECB2B48732,cat_1235
EA5583CD-A667-48BC-B806-42ECB2B48733,cat_1231
EA5583CD-A667-48BC-B806-42ECB2B48734,cat_1232
EA5583CD-A667-48BC-B806-42ECB2B48735,cat_1233
EA5583CD-A667-48BC-B806-42ECB2B48736,cat_1234
EA5583CD-A667-48BC-B806-42ECB2B48737,cat_1235
EA5583CD-A667-48BC-B806-42ECB2B48738,cat_1231
EA5583CD-A667-48BC-B806-42ECB2B48739,cat_1232
EA5583CD-A667-48BC-B806-42ECB2B48740,cat_1233
EA5583CD-A667-48BC-B806-42ECB2B48741,cat_1234
EA5583CD-A667-48BC-B806-42ECB2B48742,cat_1235
EA5583CD-A667-48BC-B806-42ECB2B48743,cat_1231
EA5583CD-A667-48BC-B806-42ECB2B48744,cat_1232
EA5583CD-A667-48BC-B806-42ECB2B48745,cat_1233
EA5583CD-A667-48BC-B806-42ECB2B48746,cat_1234
EA5583CD-A667-48BC-B806-42ECB2B48747,cat_1235
EA5583CD-A667-48BC-B806-42ECB2B48748,cat_1231
EA5583CD-A667-48BC-B806-42ECB2B48749,cat_1232
EA5583CD-A667-48BC-B806-42ECB2B48750,cat_1233
EA5583CD-A667-48BC-B806-42ECB2B48751,cat_1234
EA5583CD-A667-48BC-B806-42ECB2B48752,cat_1235
EA5583CD-A667-48BC-B806-42ECB2B48753,cat_1231
EA5583CD-A667-48BC-B806-42ECB2B48754,cat_1232
EA5583CD-A667-48BC-B806-42ECB2B48755,cat_1233
EA5583CD-A667-48BC-B806-42ECB2B48756,cat_1234
EA5583CD-A667-48BC-B806-42ECB2B48757,cat_1235
EA5583CD-A667-48BC-B806-42ECB2B48758,cat_1234
EA5583CD-A667-48BC-B806-42ECB2B48759,cat_1235
EA5583CD-A667-48BC-B806-42ECB2B48760,cat_1231
EA5583CD-A667-48BC-B806-42ECB2B48761,cat_1232
EA5583CD-A667-48BC-B806-42ECB2B48762,cat_1233
EA5583CD-A667-48BC-B806-42ECB2B48763,cat_1234
EA5583CD-A667-48BC-B806-42ECB2B48764,cat_1235
EA5583CD-A667-48BC-B806-42ECB2B48765,cat_1231
EA5583CD-A667-48BC-B806-42ECB2B48766,cat_1232
EA5583CD-A667-48BC-B806-42ECB2B48767,cat_1233
EA5583CD-A667-48BC-B806-42ECB2B48768,cat_1234
EA5583CD-A667-48BC-B806-42ECB2B48769,cat_1235
EA5583CD-A667-48BC-B806-42ECB2B48770,cat_1231
EA5583CD-A667-48BC-B806-42ECB2B48771,cat_1232
EA5583CD-A667-48BC-B806-42ECB2B48772,cat_1233
EA5583CD-A667-48BC-B806-42ECB2B48773,cat_1234
EA5583CD-A667-48BC-B806-42ECB2B48774,cat_1235
EA5583CD-A667-48BC-B806-42ECB2B48775,cat_1231
EA5583CD-A667-48BC-B806-42ECB2B48776,cat_1232
EA5583CD-A667-48BC-B806-42ECB2B48777,cat_1233
EA5583CD-A667-48BC-B806-42ECB2B48778,cat_1234
EA5583CD-A667-48BC-B806-42ECB2B48779,cat_1235
EA5583CD-A667-48BC-B806-42ECB2B48780,cat_1231
EA5583CD-A667-48BC-B806-42ECB2B48781,cat_1232
EA5583CD-A667-48BC-B806-42ECB2B48782,cat_1233
EA5583CD-A667-48BC-B806-42ECB2B48783,cat_1234
EA5583CD-A667-48BC-B806-42ECB2B48784,cat_1235
EA5583CD-A667-48BC-B806-42ECB2B48785,cat_1234
EA5583CD-A667-48BC-B806-42ECB2B48786,cat_1235
EA5583CD-A667-48BC-B806-42ECB2B48787,cat_1231
EA5583CD-A667-48BC-B806-42ECB2B48788,cat_1232
EA5583CD-A667-48BC-B806-42ECB2B48789,cat_1233
EA5583CD-A667-48BC-B806-42ECB2B48790,cat_1234
EA5583CD-A667-48BC-B806-42ECB2B48791,cat_1235
EA5583CD-A667-48BC-B806-42ECB2B48792,cat_1231
EA5583CD-A667-48BC-B806-42ECB2B48793,cat_1232
EA5583CD-A667-48BC-B806-42ECB2B48794,cat_1233
EA5583CD-A667-48BC-B806-42ECB2B48795,cat_1234
EA5583CD-A667-48BC-B806-42ECB2B48796,cat_1235
EA5583CD-A667-48BC-B806-42ECB2B48797,cat_1231
EA5583CD-A667-48BC-B806-42ECB2B48798,cat_1232
EA5583CD-A667-48BC-B806-42ECB2B48799,cat_1233
EA7583CD-A667-48BC-B806-42ECB2B48606,cat_1234
AEBE52E7-03EE-455A-B3C4-E57283966239,cat_1235
F69571EF-D66D-453E-86E0-F77462EB1E71,cat_1231
EA7583CD-A667-48BC-B806-42ECB2B48607,cat_1232
AEBE52E7-03EE-455A-B3C4-E57283966240,cat_1233
F69571EF-D66D-453E-86E0-F77462EB1E72,cat_1234
EA7583CD-A667-48BC-B806-42ECB2B48608,cat_1235
AEBE52E7-03EE-455A-B3C4-E57283966241,cat_1231
F69571EF-D66D-453E-86E0-F77462EB1E73,cat_1232
EA7583CD-A667-48BC-B806-42ECB2B48609,cat_1233
AEBE52E7-03EE-455A-B3C4-E57283966242,cat_1234
EA7583CD-A667-48BC-B806-42ECB2B48607,cat_1235
AEBE52E7-03EE-455A-B3C4-E57283966240,cat_1234
F69571EF-D66D-453E-86E0-F77462EB1E72,cat_1235
EA7583CD-A667-48BC-B806-42ECB2B48608,cat_1231
AEBE52E7-03EE-455A-B3C4-E57283966241,cat_1232
F69571EF-D66D-453E-86E0-F77462EB1E73,cat_1233
EA7583CD-A667-48BC-B806-42ECB2B48609,cat_1234
AEBE52E7-03EE-455A-B3C4-E57283966242,cat_1235
F69571EF-D66D-453E-86E0-F77462EB1E74,cat_1231
EA7583CD-A667-48BC-B806-42ECB2B48610,cat_1232
AEBE52E7-03EE-455A-B3C4-E57283966243,cat_1233
EA7583CD-A667-48BC-B806-42ECB2B48608,cat_1234
AEBE52E7-03EE-455A-B3C4-E57283966241,cat_1235
F69571EF-D66D-453E-86E0-F77462EB1E73,cat_1231
EA7583CD-A667-48BC-B806-42ECB2B48609,cat_1232
AEBE52E7-03EE-455A-B3C4-E57283966242,cat_1233
F69571EF-D66D-453E-86E0-F77462EB1E74,cat_1234
EA7583CD-A667-48BC-B806-42ECB2B48610,cat_1235
AEBE52E7-03EE-455A-B3C4-E57283966243,cat_1231
F69571EF-D66D-453E-86E0-F77462EB1E75,cat_1232
EA7583CD-A667-48BC-B806-42ECB2B48611,cat_1233
AEBE52E7-03EE-455A-B3C4-E57283966244,cat_1234
EA7583CD-A667-48BC-B806-42ECB2B48609,cat_1235
AEBE52E7-03EE-455A-B3C4-E57283966242,cat_1231
F69571EF-D66D-453E-86E0-F77462EB1E74,cat_1232
EA7583CD-A667-48BC-B806-42ECB2B48610,cat_1233
AEBE52E7-03EE-455A-B3C4-E57283966243,cat_1234
F69571EF-D66D-453E-86E0-F77462EB1E75,cat_1235
EA7583CD-A667-48BC-B806-42ECB2B48611,cat_1234
AEBE52E7-03EE-455A-B3C4-E57283966244,cat_1235
F69571EF-D66D-453E-86E0-F77462EB1E76,cat_1231
EA7583CD-A667-48BC-B806-42ECB2B48612,cat_1232
AEBE52E7-03EE-455A-B3C4-E57283966245,cat_1233
EA7583CD-A667-48BC-B806-42ECB2B48610,cat_1234
AEBE52E7-03EE-455A-B3C4-E57283966243,cat_1235
F69571EF-D66D-453E-86E0-F77462EB1E75,cat_1231
EA7583CD-A667-48BC-B806-42ECB2B48611,cat_1232
AEBE52E7-03EE-455A-B3C4-E57283966244,cat_1233
F69571EF-D66D-453E-86E0-F77462EB1E76,cat_1234
EA7583CD-A667-48BC-B806-42ECB2B48612,cat_1235
AEBE52E7-03EE-455A-B3C4-E57283966245,cat_1231
F69571EF-D66D-453E-86E0-F77462EB1E77,cat_1232
EA7583CD-A667-48BC-B806-42ECB2B48613,cat_1233
AEBE52E7-03EE-455A-B3C4-E57283966246,cat_1234
EA7583CD-A667-48BC-B806-42ECB2B48611,cat_1235
AEBE52E7-03EE-455A-B3C4-E57283966244,cat_1231
F69571EF-D66D-453E-86E0-F77462EB1E76,cat_1232
EA7583CD-A667-48BC-B806-42ECB2B48612,cat_1233
AEBE52E7-03EE-455A-B3C4-E57283966245,cat_1234
F69571EF-D66D-453E-86E0-F77462EB1E77,cat_1235
EA7583CD-A667-48BC-B806-42ECB2B48613,cat_1231
AEBE52E7-03EE-455A-B3C4-E57283966246,cat_1232
F69571EF-D66D-453E-86E0-F77462EB1E78,cat_1233
EA7583CD-A667-48BC-B806-42ECB2B48614,cat_1234
AEBE52E7-03EE-455A-B3C4-E57283966247,cat_1235
EA7583CD-A667-48BC-B806-42ECB2B48612,cat_1234
AEBE52E7-03EE-455A-B3C4-E57283966245,cat_1235
F69571EF-D66D-453E-86E0-F77462EB1E77,cat_1231
EA7583CD-A667-48BC-B806-42ECB2B48613,cat_1232
AEBE52E7-03EE-455A-B3C4-E57283966246,cat_1233
F69571EF-D66D-453E-86E0-F77462EB1E78,cat_1234
EA7583CD-A667-48BC-B806-42ECB2B48614,cat_1235
AEBE52E7-03EE-455A-B3C4-E57283966247,cat_1231
F69571EF-D66D-453E-86E0-F77462EB1E79,cat_1232
EA7583CD-A667-48BC-B806-42ECB2B48615,cat_1233
AEBE52E7-03EE-455A-B3C4-E57283966248,cat_1234
EA7583CD-A667-48BC-B806-42ECB2B48613,cat_1235
AEBE52E7-03EE-455A-B3C4-E57283966246,cat_1231
F69571EF-D66D-453E-86E0-F77462EB1E78,cat_1232
EA7583CD-A667-48BC-B806-42ECB2B48614,cat_1233
AEBE52E7-03EE-455A-B3C4-E57283966247,cat_1234
F69571EF-D66D-453E-86E0-F77462EB1E79,cat_1235
EA7583CD-A667-48BC-B806-42ECB2B48615,cat_1231
AEBE52E7-03EE-455A-B3C4-E57283966248,cat_1232
F69571EF-D66D-453E-86E0-F77462EB1E80,cat_1233
EA7583CD-A667-48BC-B806-42ECB2B48616,cat_1234
AEBE52E7-03EE-455A-B3C4-E57283966249,cat_1235
EA7583CD-A667-48BC-B806-42ECB2B48614,cat_1231
AEBE52E7-03EE-455A-B3C4-E57283966247,cat_1232
F69571EF-D66D-453E-86E0-F77462EB1E79,cat_1233
EA7583CD-A667-48BC-B806-42ECB2B48615,cat_1234
AEBE52E7-03EE-455A-B3C4-E57283966248,cat_1235
F69571EF-D66D-453E-86E0-F77462EB1E80,cat_1234
EA7583CD-A667-48BC-B806-42ECB2B48616,cat_1235
AEBE52E7-03EE-455A-B3C4-E57283966249,cat_1231
F69571EF-D66D-453E-86E0-F77462EB1E81,cat_1232
EA7583CD-A667-48BC-B806-42ECB2B48617,cat_1233
AEBE52E7-03EE-455A-B3C4-E57283966250,cat_1234
EA7583CD-A667-48BC-B806-42ECB2B48615,cat_1235
AEBE52E7-03EE-455A-B3C4-E57283966248,cat_1231
F69571EF-D66D-453E-86E0-F77462EB1E80,cat_1232
EA7583CD-A667-48BC-B806-42ECB2B48616,cat_1233
AEBE52E7-03EE-455A-B3C4-E57283966249,cat_1234
F69571EF-D66D-453E-86E0-F77462EB1E81,cat_1235
EA7583CD-A667-48BC-B806-42ECB2B48617,cat_1231
AEBE52E7-03EE-455A-B3C4-E57283966250,cat_1232
F69571EF-D66D-453E-86E0-F77462EB1E82,cat_1233
EA7583CD-A667-48BC-B806-42ECB2B48618,cat_1234
AEBE52E7-03EE-455A-B3C4-E57283966251,cat_1235
EA7583CD-A667-48BC-B806-42ECB2B48616,cat_1231
AEBE52E7-03EE-455A-B3C4-E57283966249,cat_1232
F69571EF-D66D-453E-86E0-F77462EB1E81,cat_1233
EA7583CD-A667-48BC-B806-42ECB2B48617,cat_1234
AEBE52E7-03EE-455A-B3C4-E57283966250,cat_1235
F69571EF-D66D-453E-86E0-F77462EB1E82,cat_1231
EA7583CD-A667-48BC-B806-42ECB2B48618,cat_1232
EA5583CD-A667-48BC-B806-42ECB2B48796,cat_1233
EA5583CD-A667-48BC-B806-42ECB2B48797,cat_1234
EA5583CD-A667-48BC-B806-42ECB2B48798,cat_1235
EA5583CD-A667-48BC-B806-42ECB2B48799,cat_1234
EA7583CD-A667-48BC-B806-42ECB2B48606,cat_1235
AEBE52E7-03EE-455A-B3C4-E57283966239,cat_1231
F69571EF-D66D-453E-86E0-F77462EB1E71,cat_1232
EA7583CD-A667-48BC-B806-42ECB2B48607,cat_1233
AEBE52E7-03EE-455A-B3C4-E57283966240,cat_1234
F69571EF-D66D-453E-86E0-F77462EB1E72,cat_1235
EA7583CD-A667-48BC-B806-42ECB2B48608,cat_1231
AEBE52E7-03EE-455A-B3C4-E57283966241,cat_1232
F69571EF-D66D-453E-86E0-F77462EB1E73,cat_1233
EA7583CD-A667-48BC-B806-42ECB2B48609,cat_1234
EA5583CD-A667-48BC-B806-42ECB2B48796,cat_1235
EA5583CD-A667-48BC-B806-42ECB2B48797,cat_1231
EA5583CD-A667-48BC-B806-42ECB2B48798,cat_1232
EA5583CD-A667-48BC-B806-42ECB2B48799,cat_1233
EA7583CD-A667-48BC-B806-42ECB2B48606,cat_1234
AEBE52E7-03EE-455A-B3C4-E57283966239,cat_1235
F69571EF-D66D-453E-86E0-F77462EB1E71,cat_1231
EA7583CD-A667-48BC-B806-42ECB2B48607,cat_1232
AEBE52E7-03EE-455A-B3C4-E57283966240,cat_1233
F69571EF-D66D-453E-86E0-F77462EB1E72,cat_1234
EA7583CD-A667-48BC-B806-42ECB2B48608,cat_1235
AEBE52E7-03EE-455A-B3C4-E57283966241,cat_1231
F69571EF-D66D-453E-86E0-F77462EB1E73,cat_1232
EA7583CD-A667-48BC-B806-42ECB2B48609,cat_1233
EA5583CD-A667-48BC-B806-42ECB2B48796,cat_1234
EA5583CD-A667-48BC-B806-42ECB2B48797,cat_1235
EA5583CD-A667-48BC-B806-42ECB2B48798,cat_1234
EA5583CD-A667-48BC-B806-42ECB2B48799,cat_1235
EA7583CD-A667-48BC-B806-42ECB2B48606,cat_1231
AEBE52E7-03EE-455A-B3C4-E57283966239,cat_1232
F69571EF-D66D-453E-86E0-F77462EB1E71,cat_1233
EA7583CD-A667-48BC-B806-42ECB2B48607,cat_1234
AEBE52E7-03EE-455A-B3C4-E57283966240,cat_1235
F69571EF-D66D-453E-86E0-F77462EB1E72,cat_1231
EA7583CD-A667-48BC-B806-42ECB2B48608,cat_1232
AEBE52E7-03EE-455A-B3C4-E57283966241,cat_1233
F69571EF-D66D-453E-86E0-F77462EB1E73,cat_1234
EA7583CD-A667-48BC-B806-42ECB2B48609,cat_1235
EA5583CD-A667-48BC-B806-42ECB2B48796,cat_1231
EA5583CD-A667-48BC-B806-42ECB2B48797,cat_1232
EA5583CD-A667-48BC-B806-42ECB2B48798,cat_1233
EA5583CD-A667-48BC-B806-42ECB2B48799,cat_1234
EA7583CD-A667-48BC-B806-42ECB2B48606,cat_1235
AEBE52E7-03EE-455A-B3C4-E57283966239,cat_1231
F69571EF-D66D-453E-86E0-F77462EB1E71,cat_1232
EA7583CD-A667-48BC-B806-42ECB2B48607,cat_1233
AEBE52E7-03EE-455A-B3C4-E57283966240,cat_1234
F69571EF-D66D-453E-86E0-F77462EB1E72,cat_1235
EA7583CD-A667-48BC-B806-42ECB2B48608,cat_1231
AEBE52E7-03EE-455A-B3C4-E57283966241,cat_1232
F69571EF-D66D-453E-86E0-F77462EB1E73,cat_1233
EA7583CD-A667-48BC-B806-42ECB2B48609,cat_1234
